{
	"calibDataSource": "kinect_calibration_10_170307.mat",
	"panopticCalibDataSource": "calibration_171026_cello3.json",
	"sensors": [
		{
			"K_depth": [
				[364.7317041,0,255.8067652],
				[0,364.7317041,209.4778628],
				[0,0,1]
			],
			"M_depth": [
				[-1,-1.224646799e-16,0,0],
				[1.224646799e-16,-1,0,0],
				[0,0,1,0],
				[0,0,0,1]
			],
			"distCoeffs_depth": [0.09561943152,-0.2719577089,9.653866458e-05,-0.0001325012348,0.09246527415,1000,0],
			"depth_width": 512,
			"depth_height": 424,
			"K_color": [
				[1057.774876,0,948.2313296],
				[0,1057.774876,539.268468],
				[0,0,1]
			],
			"M_color": [
				[-0.9999546346,0.00951132871,-0.0005132610773,-0.05283936879],
				[-0.009511666544,-0.9999545454,0.000659833633,1.047527899e-05],
				[-0.0005069618527,0.0006646856676,0.9999996506,4.807830579e-06],
				[0,0,0,1]
			],
			"distCoeffs_color": [
				[0.02367911929],
				[-0.01087967417],
				[0.0005012415511],
				[-0.0003253877117],
				[-0.006219763383]
			],
			"color_width": 1920,
			"color_height": 1080,
			"color_time_offset": 0,
			"depth_time_offset": 0,
			"M_world2sensor": [
				[1,0,0,-0],
				[0,1,0,-0],
				[0,0,1,-0],
				[-0,-0,-0,1]
			],
			"domeCenter": [
				[0.03995281743],
				[-1.029732068],
				[2.70333487]
			]
		},
		{
			"K_depth": [
				[364.8507649,0,249.1845476],
				[0,364.8507649,202.5246031],
				[0,0,1]
			],
			"M_depth": [
				[-1,-1.224646799e-16,0,0],
				[1.224646799e-16,-1,0,0],
				[0,0,1,0],
				[0,0,0,1]
			],
			"distCoeffs_depth": [0.0909582345,-0.2590067239,0.0001977835362,0.0002745384326,0.08137674658,1000,0],
			"depth_width": 512,
			"depth_height": 424,
			"K_color": [
				[1060.742297,0,976.4389947],
				[0,1060.742297,542.0867635],
				[0,0,1]
			],
			"M_color": [
				[-0.999998304,-0.0008116086769,-0.001653264077,-0.05260841587],
				[0.0008125605746,-0.9999995045,-0.0005751783488,-1.823600089e-05],
				[-0.001652796438,-0.0005765207506,0.9999984679,-0.000181509868],
				[0,0,0,1]
			],
			"distCoeffs_color": [
				[0.02425082735],
				[-0.006096899739],
				[-0.0008132355159],
				[0.001088430138],
				[-0.01203356334]
			],
			"color_width": 1920,
			"color_height": 1080,
			"color_time_offset": 0,
			"depth_time_offset": 0,
			"M_world2sensor": [
				[0.3361308644,0.001733158055,0.9418136961,-2.579444378],
				[-0.02836080488,0.9995634375,0.008282466553,0.0648873246],
				[-0.9413881807,-0.02949458711,0.336033276,1.868954859],
				[0,0,0,1]
			],
			"domeCenter": [
				[-0.02917852245],
				[-0.9356645463],
				[2.781762726]
			]
		},
		{
			"K_depth": [
				[365.0949816,0,251.3726717],
				[0,365.0949816,201.8701962],
				[0,0,1]
			],
			"M_depth": [
				[-1,-1.224646799e-16,0,0],
				[1.224646799e-16,-1,0,0],
				[0,0,1,0],
				[0,0,0,1]
			],
			"distCoeffs_depth": [0.09514852872,-0.2784393311,0.0001988626916,0.0002885114807,0.09949034594,1000,0],
			"depth_width": 512,
			"depth_height": 424,
			"K_color": [
				[1053.346527,0,973.2881714],
				[0,1053.346527,535.7483256],
				[0,0,1]
			],
			"M_color": [
				[-0.9999742614,0.007125038484,-0.0008428288037,-0.05299067486],
				[-0.007124954212,-0.9999746119,-0.0001029464706,3.393038898e-06],
				[-0.0008435409034,-9.693870432e-05,0.9999996395,-0.0001677733454],
				[0,0,0,1]
			],
			"distCoeffs_color": [
				[0.0268222134],
				[-0.01978602068],
				[0.0001836643735],
				[0.0008511725542],
				[0.0003297092999]
			],
			"color_width": 1920,
			"color_height": 1080,
			"color_time_offset": 0,
			"depth_time_offset": 0,
			"M_world2sensor": [
				[-0.8052797908,0.02189456845,0.5924905792,-1.450003944],
				[0.02944746403,0.9995615653,0.003086088833,-0.1125115713],
				[-0.5921632422,0.01993250999,-0.8055714677,4.95633275],
				[0,0,0,1]
			],
			"domeCenter": [
				[0.1291367507],
				[-1.118831703],
				[2.728603062]
			]
		},
		{
			"K_depth": [
				[364.9030543,0,253.9905382],
				[0,364.9030543,203.1574263],
				[0,0,1]
			],
			"M_depth": [
				[-1,-1.224646799e-16,0,0],
				[1.224646799e-16,-1,0,0],
				[0,0,1,0],
				[0,0,0,1]
			],
			"distCoeffs_depth": [0.1035297857,-0.2923707245,-0.0006252553266,-0.0004366128368,0.1113446898,1000,0],
			"depth_width": 512,
			"depth_height": 424,
			"K_color": [
				[1057.488648,0,951.4333332],
				[0,1057.488648,534.5393714],
				[0,0,1]
			],
			"M_color": [
				[-0.9999922385,0.003906838387,0.0005095176606,-0.05272289767],
				[-0.003906707924,-0.9999923358,0.0002567975848,2.210103293e-05],
				[0.0005105170222,0.000254805055,0.9999998372,-4.380221615e-05],
				[0,0,0,1]
			],
			"distCoeffs_color": [
				[0.03250193977],
				[-0.02800018917],
				[0.0002081055482],
				[8.778039102e-05],
				[0.005638508632]
			],
			"color_width": 1920,
			"color_height": 1080,
			"color_time_offset": 0,
			"depth_time_offset": 0,
			"M_world2sensor": [
				[-0.8136130036,-0.006811464972,-0.5813669103,1.712695945],
				[-0.03051322721,0.9990536001,0.03099753275,-0.2605610135],
				[0.5806055661,0.04295937635,-0.8130508401,4.828303241],
				[0,0,0,1]
			],
			"domeCenter": [
				[0.1341688321],
				[-1.190891118],
				[2.581793776]
			]
		},
		{
			"K_depth": [
				[363.8681089,0,253.2057826],
				[0,363.8681089,203.0199714],
				[0,0,1]
			],
			"M_depth": [
				[-1,-1.224646799e-16,0,0],
				[1.224646799e-16,-1,0,0],
				[0,0,1,0],
				[0,0,0,1]
			],
			"distCoeffs_depth": [0.10015457,-0.264932106,-0.0002323558571,6.715466989e-05,0.07656834422,1000,0],
			"depth_width": 512,
			"depth_height": 424,
			"K_color": [
				[1063.183842,0,966.1257879],
				[0,1063.183842,533.4300409],
				[0,0,1]
			],
			"M_color": [
				[-0.9999198941,0.01250161779,0.001978638984,-0.0523882143],
				[-0.01249375964,-0.9999142063,0.003935238756,-1.05097379e-05],
				[0.00202766608,0.00391020288,0.9999902994,-0.0002656641242],
				[0,0,0,1]
			],
			"distCoeffs_color": [
				[0.02105458861],
				[-0.001002423154],
				[-0.0003529708279],
				[0.00197371368],
				[-0.01440863865]
			],
			"color_width": 1920,
			"color_height": 1080,
			"color_time_offset": 0,
			"depth_time_offset": 0,
			"M_world2sensor": [
				[0.256699748,0.02739966818,-0.9661027365,2.51517891],
				[-0.03202023592,0.9992904281,0.01983292142,-0.1698219183],
				[0.9659606327,0.02584373161,0.2573949449,1.927241314],
				[0,0,0,1]
			],
			"domeCenter": [
				[-0.1052867489],
				[-1.133100831],
				[2.618751476]
			]
		},
		{
			"K_depth": [
				[366.7117429,0,251.7965042],
				[0,366.7117429,203.4689077],
				[0,0,1]
			],
			"M_depth": [
				[-1,-1.224646799e-16,0,0],
				[1.224646799e-16,-1,0,0],
				[0,0,1,0],
				[0,0,0,1]
			],
			"distCoeffs_depth": [0.09871686798,-0.2811814543,0.0002405124212,-0.0001641717281,0.09590101421,1000,0],
			"depth_width": 512,
			"depth_height": 424,
			"K_color": [
				[1059.512122,0,977.1607182],
				[0,1059.512122,517.7158245],
				[0,0,1]
			],
			"M_color": [
				[-0.9999953363,-0.001986010807,0.002320150845,-0.05253604085],
				[0.001985762422,-0.9999980224,-0.0001093540604,-1.300870315e-06],
				[0.002320363435,-0.000104746282,0.9999973025,-0.0001841405213],
				[0,0,0,1]
			],
			"distCoeffs_color": [
				[0.0285499033],
				[-0.01166322941],
				[-3.911731643e-07],
				[0.0008952423086],
				[-0.009844146471]
			],
			"color_width": 1920,
			"color_height": 1080,
			"color_time_offset": 0,
			"depth_time_offset": 0,
			"M_world2sensor": [
				[0.8578699032,-0.03628765326,-0.5125840764,1.461520567],
				[0.3392571841,0.7892061686,0.5119161909,-1.199233165],
				[0.3859582778,-0.6130553235,0.6893470665,0.9793437216],
				[0,0,0,1]
			],
			"domeCenter": [
				[0.1183149968],
				[-0.6042648219],
				[3.476286647]
			]
		},
		{
			"K_depth": [
				[364.8595532,0,252.6962142],
				[0,364.8595532,202.805427],
				[0,0,1]
			],
			"M_depth": [
				[-1,-1.224646799e-16,0,0],
				[1.224646799e-16,-1,0,0],
				[0,0,1,0],
				[0,0,0,1]
			],
			"distCoeffs_depth": [0.09174606114,-0.2604448772,-0.000124437048,0.0001913665056,0.08003841476,1000,0],
			"depth_width": 512,
			"depth_height": 424,